Country Name,Time,"Inflation, consumer prices (annual %)",Unemployment_FE,Unemployment_MA,Unemployment_TOT
Algeria,2006.0,2.31149918514424,15.165,11.763,12.27
Algeria,2007.0,3.678995747417,18.993,12.853,13.79
Algeria,2008.0,4.85859062814938,17.607,10.165,11.33
Algeria,2009.0,5.73706036145628,18.206,8.62,10.16
Algeria,2010.0,3.91106195534029,19.246,8.172,9.96
Algeria,2011.0,4.5242115050527,17.349,8.507,9.96
Algeria,2012.0,8.8914509106232,17.25,9.706,10.97
Algeria,2013.0,3.25423910998842,16.557,8.431,9.82
Algeria,2014.0,2.91692692067458,15.726,9.039,10.207
Algeria,2015.0,4.78444700693894,16.741,10.028,11.206
Algeria,2016.0,6.39769480268751,18.763,8.408,10.202
Algeria,2017.0,5.5911159096167,21.252,10.08,12.0
Algeria,2018.0,4.26999020467083,21.477,10.215,12.137
Algeria,2019.0,1.95176821052892,21.677,10.337,12.259
Algeria,2020.0,2.41513094083414,24.032,12.026,14.057
Algeria,2021.0,7.22606307415475,23.351,11.638,13.63
Algeria,2022.0,9.26551551551555,22.126,10.39,12.346
Algeria,2023.0,9.32217375928319,21.144,9.79,11.701
Algeria,2024.0,4.04611455313438,20.828,9.526,11.427
Angola,2003.0,98.2241436573304,18.463,14.494,16.498
Angola,2004.0,43.5421067519687,18.333,14.387,16.378
Angola,2005.0,22.953513851394,18.314,14.371,16.36
Angola,2006.0,13.3052101780032,18.146,14.232,16.206
Angola,2007.0,12.2514974459487,18.09,14.186,16.153
Angola,2008.0,12.4758291326398,18.174,14.255,16.228
Angola,2009.0,13.7302839288409,18.398,14.44,16.431
Angola,2010.0,14.4696564932577,18.604,14.61,16.618
Angola,2011.0,13.4824679218511,18.797,14.768,16.77
Angola,2012.0,10.2779049218839,18.33,14.816,16.562
Angola,2013.0,8.77781429332625,18.014,14.988,16.492
Angola,2014.0,7.2803873036112,17.682,15.145,16.406
Angola,2015.0,9.35597215533781,17.528,15.464,16.49
Angola,2016.0,30.6944150806719,17.369,15.788,16.575
Angola,2017.0,29.8444799015679,17.158,16.068,16.61
Angola,2018.0,19.6289379701521,16.892,16.298,16.594
Angola,2019.0,17.080954143438,16.547,16.447,16.497
Angola,2020.0,22.271539247051,16.614,16.764,16.69
Angola,2021.0,25.7542948841891,15.781,15.817,15.799
Angola,2022.0,21.3552901320822,14.736,14.472,14.602
Angola,2023.0,13.6441017767715,14.671,14.405,14.537
Angola,2024.0,28.2404948915773,14.581,14.35,14.464
Argentina,2018.0,34.2772237131003,10.563,8.246,9.22
Argentina,2019.0,53.5483043492339,10.718,9.202,9.843
Argentina,2020.0,42.0150947376509,12.394,10.778,11.461
Argentina,2021.0,48.4093786255199,9.852,7.915,8.736
Argentina,2022.0,72.430757531824,7.682,6.145,6.805
Argentina,2023.0,133.488935594175,6.793,5.641,6.139
Argentina,2024.0,219.883929014578,8.434,7.452,7.876
Bangladesh,2011.0,11.3951651552399,5.369,3.013,3.736
Bangladesh,2012.0,6.21750422069283,6.369,3.067,4.071
Bangladesh,2013.0,7.53040640913172,7.403,3.144,4.426
Bangladesh,2014.0,6.99163889220849,7.369,3.131,4.416
Bangladesh,2015.0,6.19428022984985,7.32,3.109,4.396
Bangladesh,2016.0,5.51352572692994,7.235,3.067,4.35
Bangladesh,2017.0,5.70207015717244,6.628,3.289,4.372
Bangladesh,2018.0,5.54362139486472,6.225,3.498,4.407
Bangladesh,2019.0,5.59199639930633,5.84,3.716,4.441
Bangladesh,2020.0,5.69107474746208,6.327,4.959,5.436
Bangladesh,2021.0,5.54565430773475,5.813,5.056,5.327
Bangladesh,2022.0,7.69695437176898,4.888,4.423,4.593
Bangladesh,2023.0,9.88350303779208,4.765,4.274,4.454
Bangladesh,2024.0,10.4657482763412,5.278,4.329,4.68
Belize,2012.0,1.30058074547862,12.699,5.851,8.379
Belize,2013.0,0.509747768983173,12.609,5.83,8.349
Belize,2014.0,1.20139964481059,14.073,4.771,8.244
Belize,2015.0,-0.86158400942767,11.093,5.446,7.578
Belize,2016.0,0.663427167917562,11.184,4.422,7.0
Belize,2017.0,1.14765339305811,9.851,4.613,6.596
Belize,2018.0,0.269982622646363,11.869,5.315,7.896
Belize,2019.0,0.187069385181459,13.632,5.891,9.053
Belize,2020.0,0.121434644614868,16.115,7.258,10.784
Belize,2021.0,3.23563659237068,15.451,7.026,10.322
Belize,2022.0,6.27689319447547,13.433,5.743,8.763
Belize,2023.0,4.38984017487678,12.695,5.386,8.267
Belize,2024.0,3.28955985952764,10.898,4.455,7.0
Bolivia,2006.0,4.28239604802562,3.244,2.099,2.577
Bolivia,2007.0,8.70560923578868,3.362,2.08,2.616
Bolivia,2008.0,14.006810770252,3.421,2.015,2.603
Bolivia,2009.0,3.34645420142013,3.65,2.485,2.973
Bolivia,2010.0,2.50327605844241,3.17,2.204,2.608
Bolivia,2011.0,9.88446419823886,2.7,1.934,2.255
Bolivia,2012.0,4.51560291399369,2.834,1.511,2.066
Bolivia,2013.0,5.73640023719612,3.035,2.004,2.437
Bolivia,2014.0,5.76660074579141,2.896,1.386,2.021
Bolivia,2015.0,4.05961041135646,3.788,2.619,3.111
Bolivia,2016.0,3.62321431764138,4.044,3.101,3.498
Bolivia,2017.0,2.8227580554717,4.057,3.352,3.655
Bolivia,2018.0,2.27205987230154,3.612,3.445,3.519
Bolivia,2019.0,1.83954504969027,3.992,3.432,3.682
Bolivia,2020.0,0.940742153381827,9.746,6.395,7.903
Bolivia,2021.0,0.737383721452307,5.664,4.603,5.089
Bolivia,2022.0,1.74632872945968,4.172,3.024,3.552
Bolivia,2023.0,2.57688800489189,3.435,2.673,3.024
Bolivia,2024.0,5.09976568317427,3.513,2.728,3.091
Botswana,2011.0,8.45987233408586,21.58,15.081,18.054
Botswana,2012.0,7.53690261091912,21.214,15.192,17.952
Botswana,2013.0,5.88460707056817,21.266,15.607,18.203
Botswana,2014.0,4.4022530924343,21.387,16.077,18.514
Botswana,2015.0,3.06203169580557,21.625,16.641,18.93
Botswana,2016.0,2.81495791361944,21.841,17.194,19.329
Botswana,2017.0,3.3082807676822,21.985,17.69,19.664
Botswana,2018.0,3.23801558947711,21.782,17.889,19.681
Botswana,2019.0,2.77286442863323,22.01,18.457,20.094
Botswana,2020.0,1.8903591682421,22.674,19.602,21.017
Botswana,2021.0,7.24097765588445,26.227,20.416,23.106
Botswana,2022.0,11.665567478802,26.056,21.483,23.615
Botswana,2023.0,5.06761549343829,27.069,20.139,23.381
Botswana,2024.0,2.8183513167625,26.728,19.967,23.138
Brazil,2000.0,7.04414105947266,14.229,8.66,10.889
Brazil,2001.0,6.84035902487524,13.774,8.499,10.649
Brazil,2002.0,8.45016437708332,13.705,8.475,10.641
Brazil,2003.0,14.7149197228147,14.28,8.948,11.168
Brazil,2004.0,6.59718509985963,13.357,7.691,10.072
Brazil,2005.0,6.86953720898965,13.993,8.004,10.551
Brazil,2006.0,4.18356812896909,12.795,7.396,9.692
Brazil,2007.0,3.64127299102653,12.503,6.888,9.28
Brazil,2008.0,5.67859390284167,11.261,6.055,8.268
Brazil,2009.0,4.88803479876799,12.688,6.975,9.419
Brazil,2010.0,5.03872690108075,11.47,6.175,8.422
Brazil,2011.0,6.63644962213086,10.444,5.495,7.578
Brazil,2012.0,5.40349914037005,9.248,5.811,7.251
Brazil,2013.0,6.20431066640096,8.983,5.69,7.071
Brazil,2014.0,6.32904015516141,8.326,5.616,6.755
Brazil,2015.0,9.02990102416137,10.313,7.233,8.538
Brazil,2016.0,8.73914352329392,13.608,10.079,11.58
Brazil,2017.0,3.44637335032668,14.885,11.209,12.792
Brazil,2018.0,3.66485028376727,14.417,10.737,12.329
Brazil,2019.0,3.73297621216898,14.35,10.07,11.936
Brazil,2020.0,3.21176803803373,16.25,11.804,13.697
Brazil,2021.0,8.30165975585677,16.444,10.678,13.158
Brazil,2022.0,9.28010608956872,11.515,7.478,9.231
Brazil,2023.0,4.59356282283203,9.698,6.609,7.947
Brazil,2024.0,4.36746407652335,9.324,6.341,7.634
Cambodia,2002.0,0.211466568022618,0.868,0.836,0.852
Cambodia,2003.0,0.941746117799197,0.928,0.89,0.909
Cambodia,2004.0,4.31933677434786,1.0,1.006,1.003
Cambodia,2005.0,6.61525912001587,1.042,1.087,1.064
Cambodia,2006.0,5.81068550464307,1.108,1.194,1.152
Cambodia,2007.0,8.70882770568049,1.191,1.32,1.257
Cambodia,2008.0,24.0968519306051,0.862,0.791,0.825
Cambodia,2009.0,-1.24171754189638,0.557,0.6,0.579
Cambodia,2010.0,3.99639528107219,0.794,0.747,0.771
Cambodia,2011.0,5.4784474961745,0.476,0.678,0.577
Cambodia,2012.0,2.93431609293952,0.487,0.504,0.496
Cambodia,2013.0,2.9416250954735,0.518,0.363,0.438
Cambodia,2014.0,3.85568861424203,0.695,0.689,0.692
Cambodia,2015.0,1.22393195511124,0.457,0.334,0.393
Cambodia,2016.0,3.01913975139129,0.85,0.59,0.716
Cambodia,2017.0,2.91263557371475,0.175,0.109,0.141
Cambodia,2018.0,2.45908515380142,0.162,0.099,0.13
Cambodia,2019.0,1.94257500833107,0.15,0.089,0.119
Cambodia,2020.0,2.94029514263971,0.209,0.136,0.172
Cambodia,2021.0,2.92073477592951,0.416,0.378,0.396
Cambodia,2022.0,5.34370264895434,0.26,0.204,0.231
Cambodia,2023.0,2.12746796594196,0.254,0.199,0.225
Cameroon,2011.0,2.93969946305093,4.712,3.351,3.987
Cameroon,2012.0,2.73529677529534,4.489,3.261,3.835
Cameroon,2013.0,2.05034718001742,4.269,3.171,3.685
Cameroon,2014.0,1.85489850366779,4.049,3.079,3.534
Cameroon,2015.0,2.67623531419901,4.035,3.068,3.518
Cameroon,2016.0,0.874190383288837,4.05,3.08,3.528
Cameroon,2017.0,0.640409149881966,4.099,3.121,3.568
Cameroon,2018.0,1.0688581131292,4.139,3.154,3.601
Cameroon,2019.0,2.45280214062729,4.167,3.178,3.622
Cameroon,2020.0,2.43760882182241,4.372,3.468,3.87
Cameroon,2021.0,2.27185762503636,4.498,3.558,3.973
Cameroon,2022.0,6.24767713343864,4.222,3.206,3.653
Cameroon,2023.0,7.38281384280978,4.178,3.169,3.613
Cameroon,2024.0,4.53061267315864,4.055,3.099,3.518
Chile,2000.0,3.84327295706565,12.487,9.453,10.491
Chile,2001.0,3.56910053001466,11.936,9.598,10.39
Chile,2002.0,2.48939816650705,11.812,9.324,10.168
Chile,2003.0,2.81017875743611,12.037,8.55,9.765
Chile,2004.0,1.05473871403517,13.023,8.56,10.162
Chile,2005.0,3.0525762138785,12.289,7.645,9.34
Chile,2006.0,3.39201733699405,11.766,7.427,9.024
Chile,2007.0,4.40779938398043,10.893,6.958,8.427
Chile,2008.0,8.71626873039608,12.145,7.514,9.285
Chile,2009.0,0.353045178360933,13.429,9.975,11.313
Chile,2010.0,1.41071107954321,9.857,7.256,8.278
Chile,2011.0,3.34121694259301,8.85,6.222,7.277
Chile,2012.0,3.00744840213053,8.07,5.542,6.562
Chile,2013.0,1.78955553984582,7.053,5.404,6.074
Chile,2014.0,4.71867527854673,7.065,6.079,6.483
Chile,2015.0,4.34877353217046,7.014,5.828,6.313
Chile,2016.0,3.78619355893118,7.216,6.292,6.673
Chile,2017.0,2.18271846868521,7.803,6.869,7.257
Chile,2018.0,2.43488981353054,8.539,6.962,7.623
Chile,2019.0,2.55754475703329,8.226,6.958,7.493
Chile,2020.0,3.0454908480433,11.15,10.786,10.934
Chile,2021.0,4.52456838259137,9.561,9.087,9.281
Chile,2022.0,11.643866711056,8.814,7.839,8.249
Chile,2023.0,7.58168251407967,9.359,8.755,9.013
Chile,2024.0,4.29763891572522,9.559,8.679,9.056
Costa Rica,2000.0,10.9615496593622,6.615,4.307,5.08
Costa Rica,2001.0,11.2556157091171,7.636,5.189,6.051
Costa Rica,2002.0,9.1675204850912,7.882,5.591,6.396
Costa Rica,2003.0,9.44758091616983,8.208,5.809,6.654
Costa Rica,2004.0,12.3148150178852,8.463,5.381,6.445
Costa Rica,2005.0,13.7982949108987,9.813,5.0,6.749
Costa Rica,2006.0,11.4705968149052,8.685,4.345,5.926
Costa Rica,2007.0,9.35724456417157,6.86,3.218,4.557
Costa Rica,2008.0,13.4244635507284,6.271,4.142,4.934
Costa Rica,2009.0,7.84270167700653,9.889,6.569,7.824
Costa Rica,2010.0,5.66275708420022,9.092,5.994,7.171
Costa Rica,2011.0,4.877998309707,11.873,8.006,9.518
Costa Rica,2012.0,4.49545314354611,10.812,7.939,9.11
Costa Rica,2013.0,5.23133614174423,9.719,7.174,8.218
Costa Rica,2014.0,4.51920098516959,10.48,7.136,8.499
Costa Rica,2015.0,0.801982005099561,10.338,7.1,8.415
Costa Rica,2016.0,-0.0174788505907852,10.141,6.755,8.085
Costa Rica,2017.0,1.6259069299173,9.712,6.457,7.729
Costa Rica,2018.0,2.22111461526584,11.41,7.421,9.01
Costa Rica,2019.0,2.09604635327805,14.059,8.472,10.807
Costa Rica,2020.0,0.724911478131341,21.175,13.153,16.432
Costa Rica,2021.0,1.72647755109242,20.04,11.668,15.139
Costa Rica,2022.0,8.27477490232656,15.134,8.603,11.325
Costa Rica,2023.0,0.525193508693476,10.21,7.092,8.325
Costa Rica,2024.0,-0.412853001047083,9.186,6.975,7.848
Dominican Republic,2000.0,7.72413566181617,10.71,4.207,6.432
Dominican Republic,2001.0,8.8830684881296,11.303,5.202,7.262
Dominican Republic,2002.0,5.22336769759448,10.184,4.94,6.779
Dominican Republic,2003.0,27.4497127394395,10.048,5.27,6.938
Dominican Republic,2004.0,51.4608598338065,10.008,4.329,6.303
Dominican Republic,2005.0,4.19020260472057,9.708,4.872,6.587
Dominican Republic,2006.0,7.57280523853073,8.894,3.85,5.654
Dominican Republic,2007.0,6.14356655248047,7.58,3.823,5.158
Dominican Republic,2008.0,10.6446210953712,7.399,3.237,4.764
Dominican Republic,2009.0,1.44215131834354,7.905,4.128,5.467
Dominican Republic,2010.0,6.32993220146146,7.049,4.128,5.212
Dominican Republic,2011.0,5.79676809206531,8.364,4.695,6.087
Dominican Republic,2012.0,3.69449707884777,9.225,5.158,6.722
Dominican Republic,2013.0,4.83095096740803,10.544,5.354,7.351
Dominican Republic,2014.0,2.9986422612522,9.71,4.842,6.719
Dominican Republic,2015.0,0.836746346724547,10.894,5.475,7.605
Dominican Republic,2016.0,1.6141660724522,10.732,5.026,7.284
Dominican Republic,2017.0,3.27955694678547,8.121,4.319,5.832
Dominican Republic,2018.0,3.5644342601351,9.104,3.705,5.861
Dominican Republic,2019.0,1.8106037704296,9.602,4.117,6.356
Dominican Republic,2020.0,3.78103179915515,9.034,4.203,6.126
Dominican Republic,2021.0,8.2430034798181,12.448,4.407,7.702
Dominican Republic,2022.0,8.81109209279586,8.658,3.358,5.504
Dominican Republic,2023.0,4.78561281021137,8.442,3.514,5.555
Dominican Republic,2024.0,3.30223338951224,8.383,3.4,5.473
Ecuador,2000.0,96.0963756926097,6.449,3.851,4.8
Ecuador,2001.0,37.6767454518094,5.262,3.658,4.252
Ecuador,2002.0,12.4835980082095,5.569,4.396,4.836
Ecuador,2003.0,7.92936487461556,6.158,5.358,5.662
Ecuador,2004.0,2.74323198926705,5.713,4.538,5.002
Ecuador,2005.0,2.16827701183721,4.708,3.181,3.779
Ecuador,2006.0,3.29874846258216,4.371,3.021,3.55
Ecuador,2007.0,2.27618478002121,3.914,2.642,3.142
Ecuador,2008.0,8.40009593987462,5.0,3.21,3.917
Ecuador,2009.0,5.15996829181047,5.881,3.787,4.608
Ecuador,2010.0,3.55437734567847,4.968,3.533,4.088
Ecuador,2011.0,4.47453265795836,4.288,2.938,3.458
Ecuador,2012.0,5.10172180958668,3.824,2.86,3.235
Ecuador,2013.0,2.72177577710365,3.662,2.712,3.083
Ecuador,2014.0,3.58922016616669,4.142,3.066,3.48
Ecuador,2015.0,3.96664623255353,4.516,3.018,3.616
Ecuador,2016.0,1.72826463324535,5.84,3.721,4.597
Ecuador,2017.0,0.41733558866682,4.921,3.064,3.836
Ecuador,2018.0,-0.224103246005501,4.394,2.924,3.53
Ecuador,2019.0,0.266012515466146,4.593,3.259,3.812
Ecuador,2020.0,-0.338872392562181,7.355,5.289,6.127
Ecuador,2021.0,0.133251386096379,5.785,3.689,4.552
Ecuador,2022.0,3.46616972213076,4.453,3.269,3.761
Ecuador,2023.0,2.21568764237062,4.349,2.923,3.51
Ecuador,2024.0,1.54732515615369,5.72,4.111,4.773
El Salvador,2010.0,1.17933576873673,4.159,5.415,4.893
El Salvador,2011.0,5.12892376681615,3.41,4.922,4.297
El Salvador,2012.0,1.72973481581379,3.302,4.23,3.843
El Salvador,2013.0,0.757669184522923,3.331,3.959,3.693
El Salvador,2014.0,1.14134467538236,3.136,4.886,4.154
El Salvador,2015.0,-0.731384487387936,3.47,4.371,3.998
El Salvador,2016.0,0.604049086996647,3.847,4.826,4.418
El Salvador,2017.0,1.01235403315575,4.003,4.654,4.385
El Salvador,2018.0,1.09033000581892,3.748,4.187,4.006
El Salvador,2019.0,0.0753241350024998,4.384,4.019,4.17
El Salvador,2020.0,-0.37159021232411,5.423,4.717,5.008
El Salvador,2021.0,3.46692585313084,4.763,4.022,4.327
El Salvador,2022.0,7.19861615609861,3.3,2.787,2.999
El Salvador,2023.0,4.04554694222478,3.369,2.725,2.992
El Salvador,2024.0,0.853782292567271,3.193,2.589,2.839
Ethiopia,2002.0,0.675089102170791,4.055,2.208,3.06
Ethiopia,2003.0,13.6740452028272,3.951,2.178,2.995
Ethiopia,2004.0,3.32737047894846,3.642,2.02,2.767
Ethiopia,2005.0,9.96997123512892,3.281,1.829,2.497
Ethiopia,2006.0,12.2994763114825,3.096,1.716,2.351
Ethiopia,2007.0,17.2404008340898,3.089,1.716,2.347
Ethiopia,2008.0,44.3566858766952,3.07,1.709,2.335
Ethiopia,2009.0,8.48364404530282,3.063,1.708,2.331
Ethiopia,2010.0,8.14926402965083,3.02,1.686,2.3
Ethiopia,2011.0,33.2499598823345,2.986,1.669,2.275
Ethiopia,2012.0,23.600417677317,2.958,1.655,2.255
Ethiopia,2013.0,7.46402192944522,2.95,1.655,2.251
Ethiopia,2014.0,6.89001951597188,3.115,1.723,2.359
Ethiopia,2015.0,9.56889955968623,3.25,1.774,2.443
Ethiopia,2016.0,6.62813337230927,3.422,1.846,2.554
Ethiopia,2017.0,10.6871150284238,3.59,1.917,2.662
Ethiopia,2018.0,13.8330356586661,3.803,2.013,2.802
Ethiopia,2019.0,15.8096321719344,3.984,2.091,2.917
Ethiopia,2020.0,20.3563468559061,5.334,2.98,3.994
Ethiopia,2021.0,26.8395221557722,5.283,2.938,3.935
Ethiopia,2022.0,33.8898797100898,4.709,2.443,3.409
Ethiopia,2023.0,30.2188278135278,4.697,2.436,3.402
Ethiopia,2024.0,21.0377460577711,4.681,2.443,3.398
Ghana,2000.0,40.240933123914,10.735,10.183,10.456
Ghana,2001.0,41.509496287803,9.88,9.332,9.602
Ghana,2002.0,9.36093239560312,8.973,8.426,8.695
Ghana,2003.0,29.7729797160384,7.999,7.452,7.72
Ghana,2004.0,18.0427388232565,7.035,6.489,6.756
Ghana,2005.0,15.4389920155908,6.095,5.552,5.816
Ghana,2006.0,11.6791839392492,5.174,4.635,4.897
Ghana,2007.0,10.7342665456292,5.422,4.782,5.092
Ghana,2008.0,16.494639613412,5.524,4.789,5.144
Ghana,2009.0,19.2469482220857,5.783,4.945,5.348
Ghana,2010.0,10.7333898354915,5.866,4.938,5.384
Ghana,2011.0,8.72845937093023,4.614,3.871,4.227
Ghana,2012.0,11.1863409441067,3.435,2.872,3.141
Ghana,2013.0,11.6661923071728,2.379,1.985,2.173
Ghana,2014.0,15.4896160333319,4.416,4.415,4.415
Ghana,2015.0,17.1499695007878,6.571,7.018,6.806
Ghana,2016.0,17.4546347070868,5.165,5.292,5.232
Ghana,2017.0,12.3719215507049,3.486,3.261,3.369
Ghana,2018.0,7.80876516610703,3.415,3.102,3.253
Ghana,2019.0,7.14364003330856,3.365,2.967,3.16
Ghana,2020.0,9.88728956269943,3.519,3.119,3.313
Ghana,2021.0,9.97108867504442,3.634,3.144,3.384
Ghana,2022.0,31.2558951049016,3.425,2.754,3.084
Ghana,2023.0,38.1069656296501,3.403,2.734,3.063
Ghana,2024.0,22.8483281157842,3.341,2.684,3.007
Guatemala,2006.0,6.56085282795383,3.351,2.738,2.948
Guatemala,2007.0,6.82161753590326,3.225,2.614,2.824
Guatemala,2008.0,11.355761126315,3.266,2.665,2.873
Guatemala,2009.0,1.85910254733029,3.579,3.01,3.208
Guatemala,2010.0,3.85950909833162,3.84,3.312,3.497
Guatemala,2011.0,6.21412393067093,3.719,2.899,3.172
Guatemala,2012.0,3.78180754679684,3.468,2.383,2.765
Guatemala,2013.0,4.34337131279519,3.667,2.688,3.017
Guatemala,2014.0,3.41836169662961,3.39,2.378,2.717
Guatemala,2015.0,2.3887203283955,3.556,2.005,2.506
Guatemala,2016.0,4.44844199942828,3.486,2.135,2.583
Guatemala,2017.0,4.42453655182547,3.539,1.948,2.462
Guatemala,2018.0,3.75186186704505,2.822,2.026,2.283
Guatemala,2019.0,3.69998398008605,2.946,1.84,2.193
Guatemala,2020.0,3.21444062197349,3.715,2.588,2.955
Guatemala,2021.0,4.26105127422814,2.884,1.821,2.174
Guatemala,2022.0,6.88512823344283,4.665,2.21,3.051
Guatemala,2023.0,6.20657592272128,3.011,1.997,2.344
Guatemala,2024.0,2.86992752918293,2.868,1.882,2.219
Haiti,2000.0,9.33322197565601,9.747,7.357,8.454
Haiti,2001.0,13.31672224251,11.198,8.523,9.754
Haiti,2002.0,7.03287406224599,12.641,9.683,11.046
Haiti,2003.0,28.6995777887374,13.912,10.694,12.18
Haiti,2004.0,21.0318339277222,15.332,11.835,13.453
Haiti,2005.0,13.973008326384,16.604,12.845,14.587
Haiti,2006.0,11.3452152244299,18.074,14.03,15.908
Haiti,2007.0,6.55722772638066,19.085,14.811,16.8
Haiti,2008.0,15.2817744823772,18.622,14.074,16.195
Haiti,2009.0,0.393886040173337,17.896,13.119,15.351
Haiti,2010.0,4.82734190074673,17.995,12.84,15.252
Haiti,2011.0,6.33279483849045,17.345,11.945,14.485
Haiti,2012.0,5.01804155429243,17.142,11.395,14.1
Haiti,2013.0,4.7650240477914,16.599,10.988,13.642
Haiti,2014.0,3.43816659958603,16.718,11.078,13.755
Haiti,2015.0,6.73184069659001,16.677,11.048,13.724
Haiti,2016.0,11.5029073942666,16.817,11.154,13.852
Haiti,2017.0,10.6800887242584,16.84,11.172,13.881
Haiti,2018.0,12.4814111170435,16.831,11.166,13.878
Haiti,2019.0,18.7037825672506,17.041,11.324,14.057
Haiti,2020.0,22.7963113642528,18.593,12.753,15.546
Haiti,2021.0,16.8415240198785,18.305,12.481,15.28
Haiti,2022.0,33.98393194707,17.8,11.819,14.635
Haiti,2023.0,36.8135162780853,17.724,11.76,14.556
Haiti,2024.0,26.9490564091987,18.197,12.289,15.058
Honduras,2001.0,9.67415556865378,4.08,3.96,4.0
Honduras,2002.0,7.6905097203427,4.801,3.623,4.02
Honduras,2003.0,7.67416639397937,6.564,4.66,5.3
Honduras,2004.0,8.1137909709338,8.334,4.804,5.99
Honduras,2005.0,8.80906074819819,6.468,4.12,4.909
Honduras,2006.0,5.57775207654297,4.443,3.163,3.574
Honduras,2007.0,6.93621470895774,4.35,2.672,3.211
Honduras,2008.0,11.4034270813932,3.876,2.8,3.156
Honduras,2009.0,5.49634273772208,4.312,2.774,3.292
Honduras,2010.0,4.69889064976226,5.462,3.413,4.119
Honduras,2011.0,6.76227957314763,6.413,3.51,4.474
Honduras,2012.0,5.19618615531849,5.195,3.053,3.755
Honduras,2013.0,5.16189898581494,7.563,4.63,5.646
Honduras,2014.0,6.1292493031302,9.408,5.776,7.078
Honduras,2015.0,3.15783117980925,8.989,4.527,6.147
Honduras,2016.0,2.72461223295284,9.06,5.401,6.727
Honduras,2017.0,3.93436084442048,8.045,4.14,5.528
Honduras,2018.0,4.34734937777525,7.255,4.675,5.648
Honduras,2019.0,4.36587159819271,8.172,4.278,5.698
Honduras,2020.0,3.46841177951179,14.086,8.961,10.982
Honduras,2021.0,4.48087963413447,10.784,7.009,8.506
Honduras,2022.0,9.08963911525025,13.128,6.107,8.774
Honduras,2023.0,6.66325180347458,8.833,4.608,6.07
Honduras,2024.0,4.60621098127105,8.772,4.631,6.061
India,2000.0,4.00943591045191,7.686,7.601,7.624
India,2001.0,3.77929312235638,7.711,7.631,7.653
India,2002.0,4.29715203929563,7.8,7.735,7.753
India,2003.0,3.8058589952885,7.735,7.658,7.68
India,2004.0,3.76725173477515,7.686,7.601,7.625
India,2005.0,4.24634362031923,7.621,7.524,7.552
India,2006.0,5.79652337561633,7.622,7.525,7.552
India,2007.0,6.37288135593232,7.63,7.535,7.561
India,2008.0,8.34926704907581,7.715,7.635,7.656
India,2009.0,10.8823529411764,7.722,7.643,7.664
India,2010.0,11.9893899204244,7.713,7.632,7.652
India,2011.0,8.9117933648337,7.681,7.594,7.616
India,2012.0,9.47899691419798,7.725,7.647,7.666
India,2013.0,10.0178784746103,7.765,7.693,7.711
India,2014.0,6.66565671867896,7.733,7.655,7.674
India,2015.0,4.9069734412726,7.695,7.61,7.631
India,2016.0,4.94821634062135,7.668,7.579,7.601
India,2017.0,3.328173374613,7.683,7.596,7.618
India,2018.0,3.93882646691633,7.713,7.632,7.652
India,2019.0,3.72950573539127,6.073,6.653,6.51
India,2020.0,6.62343677628536,6.749,8.219,7.859
India,2021.0,5.13140747176368,5.394,6.72,6.38
India,2022.0,6.69903414079849,4.588,4.908,4.822
India,2023.0,5.64914318907929,4.057,4.216,4.172
India,2024.0,4.95303550973652,4.376,4.131,4.202
Indonesia,2000.0,3.68862037056682,6.706,5.683,6.077
Indonesia,2001.0,11.5001160550887,7.374,5.305,6.082
Indonesia,2002.0,11.9001200338414,7.848,5.883,6.604
Indonesia,2003.0,6.75731256333563,8.302,5.703,6.657
Indonesia,2004.0,6.06406189133647,9.173,6.241,7.303
Indonesia,2005.0,10.4532001873347,10.041,6.766,7.945
Indonesia,2006.0,13.108670985346,9.277,6.578,7.551
Indonesia,2007.0,6.40656087966005,9.895,6.943,8.06
Indonesia,2008.0,10.2266663272483,8.101,6.657,7.208
Indonesia,2009.0,4.38641311792073,6.697,5.74,6.106
Indonesia,2010.0,5.13420639015885,6.391,5.128,5.614
Indonesia,2011.0,5.35604849112584,5.564,4.898,5.153
Indonesia,2012.0,4.27951426919427,4.784,4.272,4.468
Indonesia,2013.0,6.41249457900392,4.266,4.379,4.336
Indonesia,2014.0,6.39492882396561,3.884,4.151,4.049
Indonesia,2015.0,6.36312061196643,4.43,4.566,4.514
Indonesia,2016.0,3.52580452815451,3.866,4.574,4.301
Indonesia,2017.0,3.80879857691949,3.484,3.975,3.783
Indonesia,2018.0,3.19834755924998,4.184,4.519,4.387
Indonesia,2019.0,3.03058460941658,3.35,3.747,3.59
Indonesia,2020.0,1.91983527270797,3.773,4.57,4.255
Indonesia,2021.0,1.56007882983335,3.154,4.269,3.827
Indonesia,2022.0,4.20946463714783,3.157,3.66,3.462
Indonesia,2023.0,3.6693865485976,3.082,3.454,3.308
Indonesia,2024.0,2.18151273615187,3.073,3.448,3.3
"Iran, Islamic Rep.",2006.0,10.0158982511924,16.578,10.295,11.519
"Iran, Islamic Rep.",2007.0,17.3410404624277,16.174,9.529,10.772
"Iran, Islamic Rep.",2008.0,25.4105090311987,17.008,9.315,10.63
"Iran, Islamic Rep.",2009.0,13.5515548281506,17.102,11.028,12.113
"Iran, Islamic Rep.",2010.0,10.0893629287979,20.838,12.154,13.679
"Iran, Islamic Rep.",2011.0,26.2933856738608,21.187,10.78,12.491
"Iran, Islamic Rep.",2012.0,27.2568127242908,19.921,10.651,12.275
"Iran, Islamic Rep.",2013.0,36.6030355191029,20.016,8.808,10.595
"Iran, Islamic Rep.",2014.0,16.6065532357449,19.907,8.971,10.68
"Iran, Islamic Rep.",2015.0,12.4846815611533,19.624,9.453,11.166
"Iran, Islamic Rep.",2016.0,7.24542548952977,20.902,10.746,12.618
"Iran, Islamic Rep.",2017.0,8.04492437660281,20.009,10.371,12.232
"Iran, Islamic Rep.",2018.0,18.0141183371874,19.062,10.56,12.195
"Iran, Islamic Rep.",2019.0,39.9073455697784,17.633,9.144,10.74
"Iran, Islamic Rep.",2020.0,30.5941390387295,15.739,8.504,9.687
"Iran, Islamic Rep.",2021.0,43.3890162681515,16.098,8.011,9.282
"Iran, Islamic Rep.",2022.0,43.4884641742178,15.887,7.759,9.085
"Iran, Islamic Rep.",2023.0,44.5791857572797,15.793,7.703,9.041
"Iran, Islamic Rep.",2024.0,32.455871402917,15.598,7.927,9.192
Iraq,2016.0,0.556521397155535,22.141,8.46,10.82
Iraq,2017.0,0.184058898847663,30.761,10.194,13.02
Iraq,2018.0,0.36744148893688,29.716,10.894,13.49
Iraq,2019.0,-0.198965380023939,28.884,11.722,14.109
Iraq,2020.0,0.574162679425837,29.239,13.61,15.778
Iraq,2021.0,6.0418648905804,28.21,14.23,16.173
Iraq,2022.0,4.99476596381041,29.893,13.269,15.511
Iraq,2023.0,4.35835351089588,29.85,13.234,15.447
Iraq,2024.0,-12.2969837587007,30.376,13.258,15.524
Jamaica,2001.0,6.80190930787589,8.829,4.912,6.646
Jamaica,2002.0,7.07635009310985,8.801,4.893,6.619
Jamaica,2003.0,10.0869565217392,8.7,4.829,6.535
Jamaica,2004.0,13.5545023696682,8.703,4.831,6.539
Jamaica,2005.0,15.0528658875905,8.753,4.862,6.577
Jamaica,2006.0,8.56106408706158,8.789,4.886,6.605
Jamaica,2007.0,9.24482067275562,8.792,4.887,6.606
Jamaica,2008.0,22.0228384991843,8.867,4.935,6.666
Jamaica,2009.0,9.59224598930481,9.113,5.901,7.314
Jamaica,2010.0,12.6105519975603,9.766,5.95,7.63
Jamaica,2011.0,7.55585646580902,10.262,6.281,8.034
Jamaica,2012.0,6.87397708674309,11.22,6.679,8.695
Jamaica,2013.0,9.34150076569673,12.575,7.407,9.698
Jamaica,2014.0,8.27407886231418,11.65,6.979,9.046
Jamaica,2015.0,3.69154228855719,11.452,6.64,8.825
Jamaica,2016.0,2.35102197485846,11.379,6.378,8.634
Jamaica,2017.0,4.37839864991563,9.712,5.481,7.399
Jamaica,2018.0,3.73663882152162,6.953,4.245,5.47
Jamaica,2019.0,3.90510000865874,6.372,3.836,4.987
Jamaica,2020.0,5.2267777929352,7.436,5.732,6.501
Jamaica,2021.0,5.86278242801063,6.343,4.236,5.188
Jamaica,2022.0,10.3495688391272,5.136,3.197,4.083
Jamaica,2023.0,6.47413734662062,5.696,3.303,4.4
Jamaica,2024.0,5.4119444798166,6.194,3.777,4.885
Jordan,2007.0,4.74390639021647,25.934,10.435,13.1
Jordan,2008.0,13.9712310012729,24.775,10.255,12.7
Jordan,2009.0,-0.73906974314477,24.481,10.463,12.9
Jordan,2010.0,4.84551875852119,21.91,10.501,12.5
Jordan,2011.0,4.16244162927783,21.352,11.079,12.9
Jordan,2012.0,4.51522956670997,20.125,10.518,12.2
Jordan,2013.0,4.82462314269536,22.314,10.654,12.6
Jordan,2014.0,2.89947905006051,20.879,10.187,11.9
Jordan,2015.0,-0.876851359704029,22.759,11.077,13.075
Jordan,2016.0,-0.77843046305416,24.082,13.296,15.275
Jordan,2017.0,3.32389447576103,27.336,15.869,18.12
Jordan,2018.0,4.46231108475482,24.099,16.991,18.257
Jordan,2019.0,0.76151404726555,23.993,15.366,16.801
Jordan,2020.0,0.333294350628422,25.348,17.874,19.213
Jordan,2021.0,1.34609377243117,26.175,18.511,19.837
Jordan,2022.0,4.22915568897118,26.868,16.383,18.2
Jordan,2023.0,2.08486986327134,26.565,16.149,17.969
Jordan,2024.0,1.55659611283951,26.59,16.173,17.996
Kazakhstan,2000.0,13.1808905865731,14.696,10.834,12.75
Kazakhstan,2001.0,8.35413777161336,12.02,8.858,10.43
Kazakhstan,2002.0,5.83692452105644,11.17,7.503,9.33
Kazakhstan,2003.0,6.43821810118943,10.374,7.202,8.78
Kazakhstan,2004.0,6.88205438981898,9.814,7.011,8.4
Kazakhstan,2005.0,7.57999929125767,9.548,6.733,8.13
Kazakhstan,2006.0,8.7216938609174,9.203,6.394,7.79
Kazakhstan,2007.0,10.8468362075558,8.634,5.899,7.26
Kazakhstan,2008.0,17.1398997772069,7.945,5.326,6.63
Kazakhstan,2009.0,7.31607858288581,7.529,5.582,6.55
Kazakhstan,2010.0,7.40046356341392,6.623,4.925,5.77
Kazakhstan,2011.0,8.452904661768,6.195,4.589,5.39
Kazakhstan,2012.0,5.19568369035063,6.459,4.123,5.29
Kazakhstan,2013.0,5.94283871648418,5.848,4.553,5.2
Kazakhstan,2014.0,6.84944977003358,5.666,4.454,5.06
Kazakhstan,2015.0,6.67828585615236,5.498,4.364,4.93
Kazakhstan,2016.0,14.3610942386248,5.507,4.416,4.96
Kazakhstan,2017.0,7.44266321306799,5.415,4.388,4.9
Kazakhstan,2018.0,6.16366247577756,5.37,4.335,4.85
Kazakhstan,2019.0,5.33356098916663,5.328,4.283,4.8
Kazakhstan,2020.0,6.71815454861464,5.369,4.429,4.89
Kazakhstan,2021.0,8.04147134028391,6.136,4.98,5.546
Kazakhstan,2022.0,15.0278644440851,5.494,4.255,4.86
Kazakhstan,2023.0,14.7249900200331,5.45,4.221,4.821
Kazakhstan,2024.0,8.83943897452672,5.42,4.198,4.794
Kenya,2011.0,14.0224913014704,2.885,2.532,2.704
Kenya,2012.0,9.37777003547595,2.863,2.511,2.682
Kenya,2013.0,5.71749357037735,2.946,2.592,2.764
Kenya,2014.0,6.87815499275944,2.95,2.596,2.768
Kenya,2015.0,6.58215429284783,2.945,2.591,2.762
Kenya,2016.0,6.29724953814624,2.94,2.585,2.757
Kenya,2017.0,8.00564967709946,3.748,3.351,3.541
Kenya,2018.0,4.68980646776328,4.515,4.076,4.284
Kenya,2019.0,5.23963795764789,5.27,4.788,5.014
Kenya,2020.0,5.40516207933395,6.652,4.707,5.619
Kenya,2021.0,6.10793603659178,7.657,3.95,5.693
Kenya,2022.0,7.65986268272222,7.739,3.899,5.707
Kenya,2023.0,7.67139634029401,7.55,3.795,5.567
Kenya,2024.0,4.48978854243448,7.366,3.707,5.434
Lao PDR,2006.0,6.54559439052787,1.193,1.203,1.198
Lao PDR,2007.0,4.66197269469702,1.051,1.081,1.067
Lao PDR,2008.0,7.62880887577516,0.916,0.967,0.943
Lao PDR,2009.0,0.14118767498038,0.795,0.869,0.834
Lao PDR,2010.0,5.98254521550086,0.658,0.752,0.708
Lao PDR,2011.0,7.56898856109974,0.941,1.156,1.055
Lao PDR,2012.0,4.25512677832095,1.22,1.555,1.399
Lao PDR,2013.0,6.37142717782939,1.513,1.972,1.757
Lao PDR,2014.0,4.12924306873774,1.808,2.393,2.119
Lao PDR,2015.0,1.27735427102992,2.113,2.828,2.494
Lao PDR,2016.0,1.59691227583207,2.428,3.279,2.881
Lao PDR,2017.0,0.825478607568033,2.744,3.73,3.268
Lao PDR,2018.0,2.04039266890203,2.406,3.334,2.9
Lao PDR,2019.0,3.32255881256922,2.072,2.944,2.537
Lao PDR,2020.0,5.10407262959923,1.821,2.834,2.361
Lao PDR,2021.0,3.75562036658876,1.566,2.506,2.066
Lao PDR,2022.0,22.9562225132056,0.887,1.489,1.209
Lao PDR,2023.0,31.2301341732645,0.872,1.464,1.188
Lao PDR,2024.0,23.1305695942589,0.905,1.49,1.218
Lebanon,2009.0,1.19509671165542,10.345,4.997,6.355
Lebanon,2010.0,3.98347941855834,10.679,5.416,6.775
Lebanon,2011.0,4.97148571692384,11.202,5.977,7.349
Lebanon,2012.0,6.58147447683681,11.728,6.556,7.937
Lebanon,2013.0,4.82101956297394,12.165,7.078,8.458
Lebanon,2014.0,1.85460421340912,12.431,7.463,8.833
Lebanon,2015.0,-3.74914524799631,12.8,7.937,9.306
Lebanon,2016.0,-0.783359624361525,13.164,8.413,9.786
Lebanon,2017.0,4.32135218303191,13.51,8.875,10.251
Lebanon,2018.0,6.07698907889611,13.886,9.367,10.745
Lebanon,2019.0,3.00538949390382,14.323,9.922,11.301
Lebanon,2020.0,84.864333047204,16.147,11.972,13.284
Lebanon,2021.0,154.756096023393,15.632,11.296,12.669
Lebanon,2022.0,171.205491336641,14.806,10.124,11.6
Lebanon,2023.0,221.341644023365,14.75,10.07,11.543
Lebanon,2024.0,45.2430422716718,14.75,10.07,11.543
Madagascar,2001.0,7.91694484529588,5.401,5.301,5.35
Madagascar,2002.0,16.4985255315846,6.14,4.894,5.502
Madagascar,2003.0,-1.70400479616297,6.245,3.835,5.01
Madagascar,2004.0,13.9558018033211,5.047,2.897,3.946
Madagascar,2005.0,18.3638246468932,3.519,1.764,2.62
Madagascar,2006.0,10.7656371554865,3.881,2.056,2.946
Madagascar,2007.0,10.2879663187671,4.159,2.299,3.205
Madagascar,2008.0,9.29650839381058,4.405,2.521,3.438
Madagascar,2009.0,8.95421802392948,4.911,2.917,3.887
Madagascar,2010.0,9.24732173644116,5.345,3.271,4.28
Madagascar,2011.0,9.48254048582995,3.07,1.985,2.512
Madagascar,2012.0,5.71384434191048,0.628,0.572,0.599
Madagascar,2013.0,5.82642944451986,1.02,0.973,0.996
Madagascar,2014.0,6.08040811088295,1.406,1.367,1.386
Madagascar,2015.0,7.40419174202131,1.801,1.77,1.785
Madagascar,2016.0,6.03575858154679,1.998,1.9,1.947
Madagascar,2017.0,8.60905075422951,2.203,2.04,2.119
Madagascar,2018.0,8.59422958870479,2.414,2.186,2.297
Madagascar,2019.0,5.61051441492363,2.62,2.327,2.469
Madagascar,2020.0,4.20179312190558,3.4,3.175,3.284
Madagascar,2021.0,5.81225118787713,3.655,3.327,3.487
Madagascar,2022.0,8.16059031991847,3.449,2.936,3.186
Madagascar,2023.0,9.87432675044886,3.33,2.82,3.069
Mexico,2000.0,9.49156149435403,3.377,2.269,2.646
Mexico,2001.0,6.36773806235037,3.383,2.241,2.627
Mexico,2002.0,5.03072733151295,3.829,2.574,3.003
Mexico,2003.0,4.54690012118718,4.466,2.922,3.455
Mexico,2004.0,4.68840884843143,5.27,3.214,3.937
Mexico,2005.0,3.98805714597437,3.908,3.365,3.558
Mexico,2006.0,3.62946762439132,3.888,3.383,3.566
Mexico,2007.0,3.96684905458234,4.0,3.414,3.628
Mexico,2008.0,5.12498274575896,4.037,3.781,3.874
Mexico,2009.0,5.29735584228857,5.353,5.358,5.356
Mexico,2010.0,4.15672722680173,5.183,5.373,5.303
Mexico,2011.0,3.40737824605738,5.132,5.2,5.175
Mexico,2012.0,4.11150981070296,4.88,4.899,4.892
Mexico,2013.0,3.80639069747206,4.96,4.897,4.921
Mexico,2014.0,4.01861608078671,4.857,4.796,4.819
Mexico,2015.0,2.72064064964029,4.456,4.223,4.311
Mexico,2016.0,2.82170784747655,3.903,3.822,3.853
Mexico,2017.0,6.04145724018993,3.598,3.31,3.419
Mexico,2018.0,4.89935015356547,3.41,3.192,3.275
Mexico,2019.0,3.63596142127045,3.515,3.453,3.477
Mexico,2020.0,3.39683415570006,4.088,4.661,4.44
Mexico,2021.0,5.68920847683757,4.086,3.977,4.019
Mexico,2022.0,7.89627619168551,3.307,3.222,3.256
Mexico,2023.0,5.52796087314385,2.797,2.744,2.765
Mexico,2024.0,4.72225588452935,2.725,2.701,2.711
Mongolia,2007.0,9.63096309630965,7.146,7.247,7.2
Mongolia,2008.0,27.9556650246306,5.175,5.904,5.565
Mongolia,2009.0,7.6195059351941,6.173,5.589,5.86
Mongolia,2010.0,10.0462065881651,5.891,7.109,6.549
Mongolia,2011.0,8.41121495327103,4.422,5.062,4.769
Mongolia,2012.0,14.3303348325838,3.515,4.236,3.905
Mongolia,2013.0,10.4906567588241,4.468,4.03,4.231
Mongolia,2014.0,12.253980812976,4.399,5.134,4.798
Mongolia,2015.0,5.73568281938325,4.248,5.376,4.861
Mongolia,2016.0,0.733272227314403,5.873,8.37,7.235
Mongolia,2017.0,4.30143105302339,5.638,6.957,6.359
Mongolia,2018.0,6.82424790145522,4.806,5.826,5.377
Mongolia,2019.0,7.30106953550727,8.076,10.236,9.269
Mongolia,2020.0,3.7237230614026,6.308,6.825,6.594
Mongolia,2021.0,7.35894657888157,7.309,8.092,7.747
Mongolia,2022.0,15.1509728200805,5.324,6.921,6.211
Mongolia,2023.0,10.3503418210123,4.622,6.212,5.503
Mongolia,2024.0,6.20567819137862,4.586,6.098,5.424
Morocco,2008.0,3.71484311494064,9.784,9.494,9.57
Morocco,2009.0,0.971862998667637,9.286,8.846,8.96
Morocco,2010.0,0.993557401226421,9.491,8.951,9.09
Morocco,2011.0,0.906924909691798,10.246,8.451,8.91
Morocco,2012.0,1.28712240079214,9.957,8.665,8.99
Morocco,2013.0,1.88065466724084,9.572,9.112,9.23
Morocco,2014.0,0.442310053557046,10.287,9.497,9.7
Morocco,2015.0,1.55790711346268,10.415,9.132,9.46
Morocco,2016.0,1.63531114327063,10.693,8.837,9.3
Morocco,2017.0,0.754663249323624,10.633,8.764,9.223
Morocco,2018.0,1.80391671141895,10.685,8.822,9.271
Morocco,2019.0,0.303386036590358,10.625,8.749,9.194
Morocco,2020.0,0.705968661338224,12.251,10.914,11.223
Morocco,2021.0,1.40195883962015,11.935,10.176,10.576
Morocco,2022.0,6.65704202759066,11.101,9.04,9.494
Morocco,2023.0,6.09114152504136,10.697,8.572,9.044
Morocco,2024.0,0.985256592004508,10.475,8.509,8.943
Mozambique,2005.0,6.42755278070086,2.485,3.693,3.037
Mozambique,2006.0,13.2450879070999,2.571,3.592,3.039
Mozambique,2007.0,8.48948675497456,2.692,3.545,3.084
Mozambique,2008.0,14.5028053002268,2.801,3.482,3.114
Mozambique,2009.0,3.78861330914625,2.965,3.492,3.208
Mozambique,2010.0,12.4255421735156,3.096,3.453,3.261
Mozambique,2011.0,11.1666056127874,3.212,3.394,3.296
Mozambique,2012.0,2.6024545695662,3.303,3.308,3.305
Mozambique,2013.0,4.26135250941966,3.424,3.257,3.346
Mozambique,2014.0,2.55974875844295,3.537,3.196,3.377
Mozambique,2015.0,3.55075967356746,3.669,3.154,3.426
Mozambique,2016.0,17.4180418197597,3.701,3.185,3.457
Mozambique,2017.0,15.1132073899384,3.784,3.266,3.539
Mozambique,2018.0,3.91133439990731,3.851,3.33,3.604
Mozambique,2019.0,2.80270307928108,3.893,3.371,3.646
Mozambique,2020.0,3.48393567493207,4.106,3.716,3.921
Mozambique,2021.0,6.40847652975689,4.275,3.806,4.053
Mozambique,2022.0,10.2794018093421,3.853,3.313,3.596
Mozambique,2023.0,7.12697482131851,3.775,3.237,3.519
Mozambique,2024.0,4.07856834812022,3.792,3.236,3.527
Myanmar,2011.0,5.02146014620726,0.889,0.657,0.75
Myanmar,2012.0,1.46758322674677,0.909,0.673,0.767
Myanmar,2013.0,5.64303883425512,0.918,0.68,0.775
Myanmar,2014.0,4.95329918484384,0.905,0.67,0.763
Myanmar,2015.0,9.45417189525994,0.908,0.672,0.766
Myanmar,2016.0,6.92882525816125,1.353,0.867,1.058
Myanmar,2017.0,4.57253655317506,1.811,1.067,1.356
Myanmar,2018.0,6.87232865662918,0.971,0.635,0.767
Myanmar,2019.0,8.82506696804562,0.478,0.362,0.407
Nepal,2000.0,2.47882020709132,12.245,9.962,10.551
Nepal,2001.0,2.68830373545629,12.187,9.908,10.504
Nepal,2002.0,3.02939948714896,12.31,10.026,10.632
Nepal,2003.0,5.70700931874737,12.372,10.087,10.702
Nepal,2004.0,2.84181131248978,12.369,10.086,10.71
Nepal,2005.0,6.83633265892875,12.259,9.983,10.617
Nepal,2006.0,6.92033580707587,12.268,9.993,10.639
Nepal,2007.0,2.26921924439073,12.296,10.023,10.683
Nepal,2008.0,9.90783005306479,12.205,9.938,10.613
Nepal,2009.0,11.0948237386987,12.157,9.896,10.587
Nepal,2010.0,9.32650410745394,12.102,9.845,10.554
Nepal,2011.0,9.22707546125951,12.167,9.911,10.64
Nepal,2012.0,9.45980980357135,12.146,9.894,10.643
Nepal,2013.0,9.04016311917636,12.169,9.919,10.687
Nepal,2014.0,8.36415469659563,12.076,9.834,10.617
Nepal,2015.0,7.86890895590899,12.085,9.844,10.644
Nepal,2016.0,8.79034332004633,12.168,9.927,10.742
Nepal,2017.0,3.62709610696607,12.069,9.834,10.66
Nepal,2018.0,4.0611633875107,11.954,9.726,10.559
Nepal,2019.0,5.56868547784929,11.784,9.564,10.389
Nepal,2020.0,5.05236655289212,14.29,12.21,12.975
Nepal,2021.0,4.14968003360264,13.58,11.383,12.186
Nepal,2022.0,7.6507917679853,12.413,9.936,10.844
Nepal,2023.0,7.11475951738199,12.182,9.719,10.628
Nicaragua,2006.0,9.14019966777721,4.956,5.493,5.31
Nicaragua,2007.0,11.1269347446118,5.047,4.807,4.89
Nicaragua,2008.0,19.8262031287429,6.989,5.773,6.2
Nicaragua,2009.0,3.68700160498796,9.12,7.629,8.16
Nicaragua,2010.0,5.45513425887423,8.719,7.327,7.83
Nicaragua,2011.0,8.08238798099103,7.361,6.189,6.618
Nicaragua,2012.0,7.19355053338954,5.813,4.851,5.208
Nicaragua,2013.0,7.13546785289406,5.474,5.163,5.28
Nicaragua,2014.0,6.03596861798429,5.621,3.842,4.52
Nicaragua,2015.0,3.99737996694396,5.446,4.236,4.7
Nicaragua,2016.0,3.52317317628478,4.275,3.664,3.9
Nicaragua,2017.0,3.85067166284727,3.488,3.181,3.3
Nicaragua,2018.0,4.94723728039881,5.261,5.162,5.2
Nicaragua,2019.0,5.37628990844127,5.504,5.452,5.472
Nicaragua,2020.0,3.68181341625574,6.057,6.292,6.201
Nicaragua,2021.0,4.92841396948965,6.023,6.177,6.118
Nicaragua,2022.0,10.4674244465991,5.071,4.891,4.961
Nicaragua,2023.0,8.38765854872534,4.847,4.631,4.716
Nicaragua,2024.0,4.62473841057143,4.737,4.468,4.574
Nigeria,2006.0,8.22522152017049,3.676,3.827,3.756
Nigeria,2007.0,5.38800796858628,3.716,3.872,3.799
Nigeria,2008.0,11.5810751748252,3.712,3.869,3.795
Nigeria,2009.0,12.5378277304689,3.685,3.838,3.766
Nigeria,2010.0,13.7400521363694,3.667,3.816,3.746
Nigeria,2011.0,10.8261371880017,3.689,3.842,3.77
Nigeria,2012.0,12.2242413020584,3.55,3.948,3.76
Nigeria,2013.0,8.49551838265672,3.374,4.014,3.711
Nigeria,2014.0,8.04741087967908,3.578,4.192,3.902
Nigeria,2015.0,9.00943498007703,3.82,4.418,4.135
Nigeria,2016.0,15.6968126387972,4.176,4.787,4.499
Nigeria,2017.0,16.5022662139641,4.504,5.118,4.828
Nigeria,2018.0,12.0951065173432,4.752,5.348,5.067
Nigeria,2019.0,11.3964223378115,4.911,5.467,5.206
Nigeria,2020.0,13.2460234276598,6.071,5.451,5.742
Nigeria,2021.0,16.9528457221608,6.628,4.408,5.45
Nigeria,2022.0,18.8471877843274,5.372,2.449,3.821
Nigeria,2023.0,24.6595502031139,4.113,2.098,3.074
Nigeria,2024.0,33.2420966545405,4.0,2.041,2.989
Pakistan,2010.0,12.9388705634889,0.64,0.657,0.653
Pakistan,2011.0,11.9160927116277,0.67,0.83,0.796
Pakistan,2012.0,9.68235186055679,3.773,3.638,3.667
Pakistan,2013.0,7.69215611899569,3.423,2.824,2.954
Pakistan,2014.0,7.18938402847027,2.013,1.774,1.827
Pakistan,2015.0,2.52932817254228,6.147,2.813,3.566
Pakistan,2016.0,3.7651191635658,2.723,2.162,2.285
Pakistan,2017.0,4.08537368032612,3.66,3.094,3.215
Pakistan,2018.0,5.07805725868913,4.555,3.959,4.083
Pakistan,2019.0,10.5783618004555,6.273,4.421,4.83
Pakistan,2020.0,9.73999313898157,7.331,5.782,6.127
Pakistan,2021.0,9.49621056124947,9.181,5.503,6.338
Pakistan,2022.0,19.8738599646655,7.439,4.914,5.485
Pakistan,2023.0,30.7681280657005,7.261,4.863,5.408
Pakistan,2024.0,12.6325318530452,7.325,4.923,5.472
Panama,2004.0,0.474723078204338,8.123,4.964,6.127
Panama,2005.0,2.85588324760959,7.975,4.828,6.002
Panama,2006.0,2.45789346442096,7.746,4.697,5.822
Panama,2007.0,4.16863300298886,7.519,4.608,5.694
Panama,2008.0,8.75868317728785,7.416,4.6,5.647
Panama,2009.0,2.40905304082199,7.712,4.769,5.864
Panama,2010.0,3.49128872618804,7.618,4.783,5.845
Panama,2011.0,5.87580243678765,4.609,3.693,4.03
Panama,2012.0,5.69819959165996,4.669,3.099,3.691
Panama,2013.0,4.02715991571061,4.797,2.973,3.674
Panama,2014.0,2.62652699929146,5.62,3.611,4.391
Panama,2015.0,0.137492058461539,5.324,3.691,4.335
Panama,2016.0,0.739734025300032,5.818,3.994,4.717
Panama,2017.0,0.875585918759832,6.864,4.324,5.338
Panama,2018.0,0.761578359399968,6.626,4.16,5.161
Panama,2019.0,-0.355083821021219,7.921,5.079,6.256
Panama,2020.0,-1.55027540803762,20.087,10.665,14.663
Panama,2021.0,1.63070337301895,10.549,9.936,10.177
Panama,2022.0,2.85965128834714,9.735,7.004,8.086
Panama,2023.0,1.48641355277038,8.544,5.167,6.544
Panama,2024.0,0.693225551004513,8.472,5.17,6.518
Paraguay,2006.0,9.5893494112923,6.679,4.419,5.277
Paraguay,2007.0,8.13047417698577,6.662,3.458,4.713
Paraguay,2008.0,10.1547846489023,5.976,3.429,4.415
Paraguay,2009.0,2.59194673430567,6.655,4.679,5.46
Paraguay,2010.0,4.65116279069767,6.049,3.619,4.569
Paraguay,2011.0,8.25396825396826,6.397,3.516,4.67
Paraguay,2012.0,3.67591897974496,5.439,3.106,4.085
Paraguay,2013.0,2.68385738718587,4.967,3.976,4.385
Paraguay,2014.0,5.02882767456759,6.813,3.848,5.034
Paraguay,2015.0,3.12900274473927,4.944,4.293,4.556
Paraguay,2016.0,4.08682280577241,6.715,4.266,5.255
Paraguay,2017.0,3.60247741348943,7.789,5.002,6.138
Paraguay,2018.0,3.97561015740694,7.525,5.293,6.217
Paraguay,2019.0,2.75709727562778,8.307,5.37,6.595
Paraguay,2020.0,1.76751592356698,9.972,5.875,7.548
Paraguay,2021.0,4.78798310123602,9.558,5.7,7.311
Paraguay,2022.0,9.76556667164403,8.25,5.673,6.755
Paraguay,2023.0,4.63202285403355,7.341,4.679,5.794
Paraguay,2024.0,3.83540271728534,7.806,4.856,6.093
Peru,2011.0,3.36931095333853,3.819,3.191,3.477
Peru,2012.0,3.61121294940168,3.719,2.837,3.238
Peru,2013.0,2.76789666081998,3.955,3.259,3.575
Peru,2014.0,3.41194579807468,3.404,3.046,3.208
Peru,2015.0,3.39809194746301,3.346,3.211,3.272
Peru,2016.0,3.55717663556283,3.975,3.547,3.741
Peru,2017.0,2.99490045809443,3.912,3.506,3.691
Peru,2018.0,1.50915423024742,3.877,3.168,3.492
Peru,2019.0,2.25212191358024,3.736,3.078,3.379
Peru,2020.0,2.00241205759293,6.993,7.325,7.179
Peru,2021.0,4.27166381536798,5.552,4.715,5.097
Peru,2022.0,8.33370630096233,4.511,3.301,3.85
Peru,2023.0,6.45561348369583,5.8,4.152,4.899
Peru,2024.0,2.00770739412715,5.684,4.117,4.828
Philippines,2011.0,4.71841704718414,3.826,3.437,3.592
Philippines,2012.0,3.02696391124798,3.731,3.354,3.504
Philippines,2013.0,2.58268766141799,3.821,3.283,3.497
Philippines,2014.0,3.59782343864207,3.724,3.518,3.6
Philippines,2015.0,0.674192536845415,3.218,2.968,3.068
Philippines,2016.0,1.25369880080983,2.846,2.596,2.695
Philippines,2017.0,2.85318772590943,2.701,2.459,2.552
Philippines,2018.0,5.3093466162771,2.674,2.124,2.338
Philippines,2019.0,2.39206534422405,2.529,2.046,2.237
Philippines,2020.0,2.39316239316239,2.719,2.394,2.522
Philippines,2021.0,3.92718022100329,3.822,3.12,3.398
Philippines,2022.0,5.82115811213955,2.861,2.412,2.598
Philippines,2023.0,5.97802515541414,2.501,2.024,2.222
Philippines,2024.0,3.21260487006343,2.45,1.944,2.153
Rwanda,2005.0,9.01408918092339,12.626,11.163,11.854
Rwanda,2006.0,8.88282654777923,12.398,10.949,11.632
Rwanda,2007.0,9.08072205873159,12.392,10.943,11.626
Rwanda,2008.0,15.4382138709255,12.335,10.89,11.57
Rwanda,2009.0,12.9443978401711,12.432,10.98,11.663
Rwanda,2010.0,-0.246128693436924,12.442,10.99,11.673
Rwanda,2011.0,3.08017069240263,12.547,11.089,11.775
Rwanda,2012.0,10.2710182318876,12.47,11.017,11.701
Rwanda,2013.0,5.92426867984847,12.556,11.098,11.785
Rwanda,2014.0,2.35449052820362,12.615,11.153,11.844
Rwanda,2015.0,2.52850284192419,12.609,11.147,11.838
Rwanda,2016.0,7.17434301982013,12.568,11.109,11.801
Rwanda,2017.0,8.27953672260832,12.643,11.18,11.875
Rwanda,2018.0,-0.311210160390699,11.354,10.231,10.759
Rwanda,2019.0,3.34787655037643,12.075,10.507,11.236
Rwanda,2020.0,9.85039902274208,12.899,10.868,11.829
Rwanda,2021.0,-0.391346748300811,17.445,14.28,15.775
Rwanda,2022.0,17.6892095588153,16.612,13.703,15.084
Rwanda,2023.0,19.789546746467,14.365,10.527,12.352
Rwanda,2024.0,1.77029240198634,13.944,10.232,11.994
Senegal,2001.0,2.97450083919567,2.932,2.581,2.7
Senegal,2002.0,2.33730187454299,3.061,2.707,2.828
Senegal,2003.0,-0.0519970242714473,3.026,2.673,2.794
Senegal,2004.0,0.514781781023022,3.02,2.667,2.788
Senegal,2005.0,1.71133325855502,2.934,2.583,2.703
Senegal,2006.0,2.11228583877117,3.002,2.649,2.77
Senegal,2007.0,5.85330428467681,3.039,2.686,2.808
Senegal,2008.0,7.3472023657841,3.051,2.698,2.822
Senegal,2009.0,-2.24802147855343,3.041,2.689,2.814
Senegal,2010.0,1.22868119673345,3.028,2.676,2.803
Senegal,2011.0,3.40322829786969,3.078,2.725,2.853
Senegal,2012.0,1.41822871177852,4.201,3.706,3.888
Senegal,2013.0,0.710245486695197,5.387,4.748,4.986
Senegal,2014.0,-1.09025507446892,6.326,5.548,5.841
Senegal,2015.0,0.13521193363519,7.325,6.408,6.757
Senegal,2016.0,0.837284942557429,4.763,4.257,4.455
Senegal,2017.0,1.31815314847783,3.611,4.375,4.078
Senegal,2018.0,0.460985642464248,3.308,3.545,3.455
Senegal,2019.0,1.7601115119294,3.048,2.754,2.863
Senegal,2020.0,2.5431468568166,3.685,3.292,3.437
Senegal,2021.0,2.18032278088143,3.85,3.2,3.44
Senegal,2022.0,9.69681899081074,3.381,2.521,2.837
Senegal,2023.0,5.93947798773216,3.34,2.486,2.8
Senegal,2024.0,0.804503298792415,3.561,2.661,2.992
South Sudan,2009.0,5.00627361534046,13.639,11.287,12.463
South Sudan,2010.0,1.16962180301109,13.679,11.322,12.503
South Sudan,2011.0,46.8521757193597,13.816,11.443,12.635
South Sudan,2012.0,45.5258978371706,14.093,11.687,12.896
South Sudan,2013.0,-0.0580909784225861,13.915,11.53,12.727
South Sudan,2014.0,1.67429906295521,13.786,11.416,12.602
South Sudan,2015.0,52.7663304192143,13.664,11.309,12.485
South Sudan,2016.0,379.999585624026,14.164,11.749,12.955
South Sudan,2017.0,187.851630279442,14.333,11.899,13.111
South Sudan,2018.0,83.5015294922,14.16,11.746,12.952
South Sudan,2019.0,87.2413641500032,13.893,11.511,12.709
South Sudan,2020.0,29.6758435538571,15.477,13.151,14.319
South Sudan,2021.0,10.5167158294359,15.19,12.853,14.029
South Sudan,2022.0,-6.68732094212666,13.742,11.343,12.545
South Sudan,2023.0,2.38280434813755,13.671,11.281,12.477
South Sudan,2024.0,91.4408220769045,13.671,11.281,12.477
Sri Lanka,2011.0,6.71676843588542,6.978,2.681,4.118
Sri Lanka,2012.0,7.54291373239432,6.16,2.787,3.88
Sri Lanka,2013.0,6.90845034828451,6.505,2.994,4.186
Sri Lanka,2014.0,3.1790022823606,6.304,3.071,4.157
Sri Lanka,2015.0,3.76836783062097,7.445,2.986,4.519
Sri Lanka,2016.0,3.95888846593072,6.836,2.889,4.242
Sri Lanka,2017.0,7.70413767850602,6.321,2.824,4.046
Sri Lanka,2018.0,2.13503773713198,6.966,2.986,4.318
Sri Lanka,2019.0,3.52839358231813,7.331,3.294,4.67
Sri Lanka,2020.0,6.15394508391736,8.251,3.955,5.364
Sri Lanka,2021.0,7.01478071238194,7.698,3.649,4.981
Sri Lanka,2022.0,49.7211021114328,6.268,3.661,4.528
Sri Lanka,2023.0,16.5411742279832,9.396,4.307,5.997
Sri Lanka,2024.0,-0.42936004906972,7.978,3.513,4.996
Sudan,2000.0,7.12125897172302,23.022,12.769,15.608
Sudan,2001.0,1.93529572095322,22.983,12.746,15.568
Sudan,2002.0,22.2247241495905,22.924,12.711,15.514
Sudan,2003.0,6.48943208673347,22.943,12.721,15.515
Sudan,2004.0,9.65754628605947,22.992,12.749,15.539
Sudan,2005.0,8.50585075933106,23.011,12.76,15.546
Sudan,2006.0,7.1991299011471,23.017,12.763,15.542
Sudan,2007.0,14.7542770780085,23.016,12.763,15.531
Sudan,2008.0,14.2971224481435,23.077,12.797,15.566
Sudan,2009.0,11.2567587063008,23.201,9.079,13.0
Sudan,2010.0,12.9776663898014,26.578,10.567,15.161
Sudan,2011.0,18.0966171221351,30.088,12.11,17.44
Sudan,2012.0,35.5590574147027,29.49,11.924,17.002
Sudan,2013.0,36.5223449139153,28.432,11.543,16.3
Sudan,2014.0,36.9066427863594,27.03,11.017,15.411
Sudan,2015.0,16.9095706050979,25.302,10.35,14.347
Sudan,2016.0,17.7502538311959,24.121,9.917,13.606
Sudan,2017.0,32.3516260968437,23.068,9.54,12.953
Sudan,2018.0,63.2925073455883,22.013,9.163,12.303
Sudan,2019.0,50.9940515002971,20.978,8.796,11.658
Sudan,2020.0,163.257782355457,21.434,9.235,11.958
Sudan,2021.0,359.093040779,19.802,8.706,11.044
Sudan,2022.0,138.808460241759,14.01,5.941,7.53
Tanzania,2011.0,12.6909694699163,4.311,2.633,3.47
Tanzania,2012.0,16.0010938506338,4.074,2.382,3.222
Tanzania,2013.0,7.87072364573955,3.785,2.097,2.93
Tanzania,2014.0,6.13161432988011,2.701,1.57,2.125
Tanzania,2015.0,5.58816952959303,2.781,1.56,2.159
Tanzania,2016.0,5.17476629301494,2.907,1.581,2.23
Tanzania,2017.0,5.31871605228926,3.035,1.602,2.303
Tanzania,2018.0,3.49445848856184,3.183,1.637,2.393
Tanzania,2019.0,3.46428057999023,3.347,1.679,2.496
Tanzania,2020.0,3.29029062798325,3.713,1.908,2.781
Tanzania,2021.0,3.69091958802198,3.74,1.933,2.821
Tanzania,2022.0,4.35027204269098,3.506,1.707,2.588
Tanzania,2023.0,3.7992329138492,3.498,1.702,2.582
Tanzania,2024.0,3.05694676312369,3.488,1.701,2.576
Thailand,2011.0,3.80879058139633,0.676,0.646,0.66
Thailand,2012.0,3.01489950334988,0.531,0.621,0.58
Thailand,2013.0,2.18488618530681,0.237,0.259,0.249
Thailand,2014.0,1.89514181898785,0.564,0.585,0.576
Thailand,2015.0,-0.90042496329158,0.606,0.589,0.597
Thailand,2016.0,0.188149704448176,0.714,0.666,0.688
Thailand,2017.0,0.66563189313511,0.845,0.818,0.83
Thailand,2018.0,1.06389754183025,0.743,0.784,0.765
Thailand,2019.0,0.706728601314275,0.732,0.703,0.716
Thailand,2020.0,-0.845937147357064,1.087,1.109,1.099
Thailand,2021.0,1.23039541318384,1.249,1.186,1.215
Thailand,2022.0,-1.6106803048669,1.057,0.841,0.94
Thailand,2023.0,8.47805174421546,0.808,0.67,0.733
Thailand,2024.0,1.3658054079804,0.743,0.651,0.693
Tunisia,2006.0,3.22525337438916,15.159,11.555,12.51
Tunisia,2007.0,2.96694432477349,15.173,11.35,12.365
Tunisia,2008.0,4.34502807623046,15.957,11.163,12.444
Tunisia,2009.0,3.66490330642919,18.814,11.296,13.29
Tunisia,2010.0,3.33897963601068,18.987,10.916,13.049
Tunisia,2011.0,3.24002842009531,27.443,15.079,18.334
Tunisia,2012.0,4.6118443220664,25.673,14.673,17.63
Tunisia,2013.0,5.31623531326692,23.056,13.293,15.934
Tunisia,2014.0,4.62555099534026,21.57,11.488,14.259
Tunisia,2015.0,4.437371273215,22.236,12.415,15.159
Tunisia,2016.0,3.62939937384382,23.501,12.399,15.557
Tunisia,2017.0,5.30884839565845,22.676,12.412,15.33
Tunisia,2018.0,7.30759176031653,22.773,12.508,15.459
Tunisia,2019.0,6.72007532863797,25.276,13.825,17.153
Tunisia,2020.0,5.63415115897626,24.636,14.733,17.656
Tunisia,2021.0,5.70635020830701,22.369,14.126,16.611
Tunisia,2022.0,8.30646124447624,20.155,13.184,15.3
Tunisia,2023.0,9.32899597507864,20.453,12.82,15.106
Tunisia,2024.0,7.20661657168791,21.879,13.773,16.203
Uganda,2011.0,16.5643496174515,4.207,2.853,3.528
Uganda,2012.0,12.6790377224659,4.257,2.851,3.551
Uganda,2013.0,4.90520875694553,2.45,1.376,1.91
Uganda,2014.0,3.07570668958643,2.887,1.805,2.348
Uganda,2015.0,5.58968606251723,3.207,2.154,2.679
Uganda,2016.0,5.70637504616216,3.526,2.499,3.008
Uganda,2017.0,5.20971705914208,3.945,2.928,3.428
Uganda,2018.0,2.61601190952271,3.778,2.744,3.25
Uganda,2019.0,2.86758803446903,3.594,2.549,3.06
Uganda,2020.0,3.31332289544504,4.42,3.276,3.831
Uganda,2021.0,2.20457204757409,4.014,2.874,3.422
Uganda,2022.0,7.19578885975811,3.473,2.339,2.886
Uganda,2023.0,5.35094804280395,3.359,2.252,2.787
Uganda,2024.0,3.32338067086562,3.541,2.381,2.941
Uruguay,2006.0,6.39764974385131,14.234,8.224,10.844
Uruguay,2007.0,8.11464561179312,12.756,6.783,9.403
Uruguay,2008.0,7.87707374730889,10.94,5.685,8.025
Uruguay,2009.0,7.06221874388573,10.455,5.554,7.74
Uruguay,2010.0,6.69870886978133,9.452,5.302,7.158
Uruguay,2011.0,8.09283206302989,8.084,4.849,6.307
Uruguay,2012.0,8.097765805736,8.291,4.926,6.451
Uruguay,2013.0,8.57513504005399,8.224,5.009,6.444
Uruguay,2014.0,8.87735333229825,8.352,5.06,6.547
Uruguay,2015.0,8.66626987079334,8.849,6.36,7.488
Uruguay,2016.0,9.63941347635079,9.447,6.497,7.841
Uruguay,2017.0,6.21809382561856,9.474,6.559,7.89
Uruguay,2018.0,7.60653360377048,10.074,6.863,8.336
Uruguay,2019.0,7.88198870879619,10.639,7.296,8.836
Uruguay,2020.0,9.75640636078194,12.44,8.662,10.413
Uruguay,2021.0,7.74791402314763,10.958,7.912,9.328
Uruguay,2022.0,9.10437983075439,9.05,6.88,7.877
Uruguay,2023.0,5.86910359896118,9.435,7.408,8.355
Uruguay,2024.0,4.84914366613156,9.757,7.209,8.401
Uzbekistan,2011.0,13.7797446476602,4.802,5.051,4.96
Uzbekistan,2012.0,13.2088026688373,4.693,4.971,4.87
Uzbekistan,2013.0,11.8414333622049,4.651,4.979,4.86
Uzbekistan,2014.0,9.28309356162694,4.873,5.212,5.09
Uzbekistan,2015.0,8.75188196737505,4.927,5.274,5.15
Uzbekistan,2016.0,8.13088669523601,4.93,5.287,5.16
Uzbekistan,2017.0,13.8757425441635,5.561,5.978,5.83
Uzbekistan,2018.0,17.5241796514055,5.922,5.099,5.389
Uzbekistan,2019.0,14.5257359560686,6.275,4.203,4.932
Uzbekistan,2020.0,12.8677297362607,7.721,3.967,5.293
Uzbekistan,2021.0,10.8492397508122,7.313,4.296,5.364
Uzbekistan,2022.0,11.4466436998836,6.639,3.312,4.49
Uzbekistan,2023.0,9.95659071258019,6.592,3.288,4.46
Uzbekistan,2024.0,9.62825465956682,6.632,3.31,4.488
"Venezuela, RB",2011.0,26.0902123160955,7.206,6.702,6.902
"Venezuela, RB",2012.0,21.0689956331878,7.109,6.264,6.601
"Venezuela, RB",2013.0,40.6394275161588,8.605,6.834,7.54
"Venezuela, RB",2014.0,62.168649979483,7.577,6.32,6.821
"Venezuela, RB",2015.0,121.738085297504,6.569,5.85,6.137
"Venezuela, RB",2016.0,254.948534781815,5.413,5.256,5.319
Viet Nam,2003.0,3.23464817293926,2.629,1.88,2.25
Viet Nam,2004.0,7.75494748709601,2.433,1.855,2.14
Viet Nam,2005.0,8.28457243128677,2.241,1.918,2.078
Viet Nam,2006.0,7.41801715108463,2.083,2.01,2.046
Viet Nam,2007.0,8.34444889773837,1.935,2.115,2.026
Viet Nam,2008.0,23.1154483474477,1.764,2.011,1.889
Viet Nam,2009.0,6.71698269988629,1.577,1.893,1.737
Viet Nam,2010.0,9.20746648778415,1.078,1.149,1.114
Viet Nam,2011.0,18.6777322770707,0.905,1.089,0.999
Viet Nam,2012.0,9.09470339557193,0.934,1.117,1.027
Viet Nam,2013.0,6.59267475899189,1.141,1.486,1.316
Viet Nam,2014.0,4.08455446637623,1.109,1.399,1.256
Viet Nam,2015.0,0.63120090517572,1.706,1.985,1.848
Viet Nam,2016.0,2.66824816969081,1.699,1.992,1.848
Viet Nam,2017.0,3.52025688811621,1.703,2.037,1.874
Viet Nam,2018.0,3.53962805942638,1.029,1.286,1.161
Viet Nam,2019.0,2.79582367452249,1.598,1.758,1.681
Viet Nam,2020.0,3.22093436652516,2.448,1.783,2.103
Viet Nam,2021.0,1.83471554810446,2.288,2.476,2.385
Viet Nam,2022.0,3.15650749963127,1.424,1.616,1.523
Viet Nam,2023.0,3.25289282667661,1.511,1.772,1.645
Viet Nam,2024.0,3.62109273885847,1.283,1.57,1.431
"Yemen, Rep.",2011.0,19.5435617131149,22.06,12.206,13.311
"Yemen, Rep.",2012.0,9.88538714484848,23.531,12.35,13.473
"Yemen, Rep.",2013.0,10.9684421500194,25.111,12.541,13.673
"Yemen, Rep.",2014.0,8.10472583623949,26.163,12.353,13.467
Zambia,2011.0,6.42939681072337,10.428,10.64,10.545
Zambia,2012.0,6.575899707577,7.823,7.872,7.85
Zambia,2013.0,6.97767605490313,7.299,7.236,7.264
Zambia,2014.0,7.80687553566327,6.669,6.491,6.571
Zambia,2015.0,10.1105928909618,6.097,5.815,5.942
Zambia,2016.0,17.8697300795268,5.446,5.069,5.239
Zambia,2017.0,6.57731154205644,4.78,4.321,4.529
Zambia,2018.0,7.49457192728517,5.089,4.986,5.033
Zambia,2019.0,9.15031644316299,5.222,5.8,5.542
Zambia,2020.0,15.7330604721369,6.565,5.59,6.033
Zambia,2021.0,22.0207676245776,5.708,4.769,5.199
Zambia,2022.0,10.9932039209136,6.298,5.736,5.995
Zambia,2023.0,10.884531691282,6.207,5.646,5.905
Zambia,2024.0,14.9856262747939,6.25,5.713,5.961
Zimbabwe,2010.0,3.02267002518891,6.025,4.86,5.447
Zimbabwe,2011.0,3.4661297281749,5.998,4.732,5.368
Zimbabwe,2012.0,3.72532666110645,5.611,4.505,5.061
Zimbabwe,2013.0,1.63495041543827,5.425,4.457,4.943
Zimbabwe,2014.0,-0.197784810126641,5.182,4.363,4.774
Zimbabwe,2015.0,-2.43096842383403,5.632,5.119,5.377
Zimbabwe,2016.0,-1.54366960054167,5.982,5.788,5.886
Zimbabwe,2017.0,0.893962316050075,6.284,6.404,6.344
Zimbabwe,2018.0,10.6188658669575,6.58,7.01,6.793
Zimbabwe,2019.0,255.304990757856,6.995,7.758,7.373
Zimbabwe,2020.0,557.201817362051,8.497,8.745,8.621
Zimbabwe,2021.0,98.5461050920623,9.858,9.221,9.54
Zimbabwe,2022.0,104.705170628667,10.562,9.615,10.087
